{"cameraMode":{"drawMode":0,"name":"Shaded","section":"Shading Mode"},"sceneLighting":false,"audioPlay":false,"sceneViewState":{"showFog":false,"showMaterialUpdate":false,"showSkybox":false,"showFlares":false,"showImageEffects":false,"showParticleSystems":false},"in2DMode":false,"pivot":{"x":1.2513527870178223,"y":2.842968225479126,"z":-5.077744483947754},"rotation":{"x":-0.1695653200149536,"y":0.47733673453330996,"z":-0.09441090375185013,"w":-0.8570653200149536},"size":2.7610995769500734,"orthographic":false}