{"cameraMode":{"drawMode":0,"name":"Shaded","section":"Shading Mode"},"sceneLighting":false,"audioPlay":false,"sceneViewState":{"showFog":false,"showMaterialUpdate":false,"showSkybox":false,"showFlares":false,"showImageEffects":false,"showParticleSystems":false},"in2DMode":false,"pivot":{"x":-3.622072458267212,"y":4.671083450317383,"z":-1.0951048135757447},"rotation":{"x":-0.13005851209163667,"y":-0.7515119314193726,"z":0.1557328701019287,"w":-0.6278113126754761},"size":2.7610995769500734,"orthographic":false}